USE [_HENRY_ASPNET]
GO
/****** Object:  Table [dbo].[AUTHOR]    Script Date: 9/22/2022 3:14:11 AM ******/
SET ANSI_NULLS ON
GO
SET QUOTED_IDENTIFIER ON
GO
CREATE TABLE [dbo].[AUTHOR](
	[AUTHOR_NUM] [int] NOT NULL,
	[AUTHOR_LAST] [varchar](50) NULL,
	[AUTHOR_FIRST] [varchar](50) NULL,
PRIMARY KEY CLUSTERED 
(
	[AUTHOR_NUM] ASC
)WITH (PAD_INDEX = OFF, STATISTICS_NORECOMPUTE = OFF, IGNORE_DUP_KEY = OFF, ALLOW_ROW_LOCKS = ON, ALLOW_PAGE_LOCKS = ON, OPTIMIZE_FOR_SEQUENTIAL_KEY = OFF) ON [PRIMARY]
) ON [PRIMARY]
GO
/****** Object:  Table [dbo].[BOOK]    Script Date: 9/22/2022 3:14:11 AM ******/
SET ANSI_NULLS ON
GO
SET QUOTED_IDENTIFIER ON
GO
CREATE TABLE [dbo].[BOOK](
	[BOOK_CODE] [char](4) NOT NULL,
	[TITLE] [varchar](50) NULL,
	[PUBLISHER_CODE] [char](2) NULL,
	[TYPE] [char](3) NULL,
	[PRICE] [money] NULL,
	[PAPERBACK] [char](1) NULL,
PRIMARY KEY CLUSTERED 
(
	[BOOK_CODE] ASC
)WITH (PAD_INDEX = OFF, STATISTICS_NORECOMPUTE = OFF, IGNORE_DUP_KEY = OFF, ALLOW_ROW_LOCKS = ON, ALLOW_PAGE_LOCKS = ON, OPTIMIZE_FOR_SEQUENTIAL_KEY = OFF) ON [PRIMARY]
) ON [PRIMARY]
GO
/****** Object:  Table [dbo].[BRANCH]    Script Date: 9/22/2022 3:14:11 AM ******/
SET ANSI_NULLS ON
GO
SET QUOTED_IDENTIFIER ON
GO
CREATE TABLE [dbo].[BRANCH](
	[BRANCH_NUM] [int] NOT NULL,
	[BRANCH_NAME] [varchar](50) NULL,
	[BRANCH_LOCATION] [varchar](50) NULL,
	[NUM_EMPLOYEES] [int] NULL,
PRIMARY KEY CLUSTERED 
(
	[BRANCH_NUM] ASC
)WITH (PAD_INDEX = OFF, STATISTICS_NORECOMPUTE = OFF, IGNORE_DUP_KEY = OFF, ALLOW_ROW_LOCKS = ON, ALLOW_PAGE_LOCKS = ON, OPTIMIZE_FOR_SEQUENTIAL_KEY = OFF) ON [PRIMARY]
) ON [PRIMARY]
GO
/****** Object:  Table [dbo].[INVENTORY]    Script Date: 9/22/2022 3:14:11 AM ******/
SET ANSI_NULLS ON
GO
SET QUOTED_IDENTIFIER ON
GO
CREATE TABLE [dbo].[INVENTORY](
	[BOOK_CODE] [char](4) NOT NULL,
	[BRANCH_NUM] [int] NOT NULL,
	[ON_HAND] [int] NULL,
PRIMARY KEY CLUSTERED 
(
	[BOOK_CODE] ASC,
	[BRANCH_NUM] ASC
)WITH (PAD_INDEX = OFF, STATISTICS_NORECOMPUTE = OFF, IGNORE_DUP_KEY = OFF, ALLOW_ROW_LOCKS = ON, ALLOW_PAGE_LOCKS = ON, OPTIMIZE_FOR_SEQUENTIAL_KEY = OFF) ON [PRIMARY]
) ON [PRIMARY]
GO
/****** Object:  Table [dbo].[PUBLISHER]    Script Date: 9/22/2022 3:14:11 AM ******/
SET ANSI_NULLS ON
GO
SET QUOTED_IDENTIFIER ON
GO
CREATE TABLE [dbo].[PUBLISHER](
	[PUBLISHER_CODE] [char](2) NOT NULL,
	[PUBLISHER_NAME] [varchar](50) NULL,
	[CITY] [varchar](50) NULL,
PRIMARY KEY CLUSTERED 
(
	[PUBLISHER_CODE] ASC
)WITH (PAD_INDEX = OFF, STATISTICS_NORECOMPUTE = OFF, IGNORE_DUP_KEY = OFF, ALLOW_ROW_LOCKS = ON, ALLOW_PAGE_LOCKS = ON, OPTIMIZE_FOR_SEQUENTIAL_KEY = OFF) ON [PRIMARY]
) ON [PRIMARY]
GO
/****** Object:  Table [dbo].[WROTE]    Script Date: 9/22/2022 3:14:11 AM ******/
SET ANSI_NULLS ON
GO
SET QUOTED_IDENTIFIER ON
GO
CREATE TABLE [dbo].[WROTE](
	[BOOK_CODE] [char](4) NOT NULL,
	[AUTHOR_NUM] [int] NOT NULL,
	[SEQUENCE] [int] NULL,
PRIMARY KEY CLUSTERED 
(
	[BOOK_CODE] ASC,
	[AUTHOR_NUM] ASC
)WITH (PAD_INDEX = OFF, STATISTICS_NORECOMPUTE = OFF, IGNORE_DUP_KEY = OFF, ALLOW_ROW_LOCKS = ON, ALLOW_PAGE_LOCKS = ON, OPTIMIZE_FOR_SEQUENTIAL_KEY = OFF) ON [PRIMARY]
) ON [PRIMARY]
GO
INSERT [dbo].[AUTHOR] ([AUTHOR_NUM], [AUTHOR_LAST], [AUTHOR_FIRST]) VALUES (1, N'Morrison', N'Toni')
GO
INSERT [dbo].[AUTHOR] ([AUTHOR_NUM], [AUTHOR_LAST], [AUTHOR_FIRST]) VALUES (2, N'Solotaroff', N'Paul')
GO
INSERT [dbo].[AUTHOR] ([AUTHOR_NUM], [AUTHOR_LAST], [AUTHOR_FIRST]) VALUES (3, N'Vintage', N'Vernor')
GO
INSERT [dbo].[AUTHOR] ([AUTHOR_NUM], [AUTHOR_LAST], [AUTHOR_FIRST]) VALUES (4, N'Francis', N'Dick')
GO
INSERT [dbo].[AUTHOR] ([AUTHOR_NUM], [AUTHOR_LAST], [AUTHOR_FIRST]) VALUES (5, N'Straub', N'Peter')
GO
INSERT [dbo].[AUTHOR] ([AUTHOR_NUM], [AUTHOR_LAST], [AUTHOR_FIRST]) VALUES (6, N'King', N'Stephen')
GO
INSERT [dbo].[AUTHOR] ([AUTHOR_NUM], [AUTHOR_LAST], [AUTHOR_FIRST]) VALUES (7, N'Pratt', N'Philip')
GO
INSERT [dbo].[AUTHOR] ([AUTHOR_NUM], [AUTHOR_LAST], [AUTHOR_FIRST]) VALUES (8, N'Chase', N'Truddi')
GO
INSERT [dbo].[AUTHOR] ([AUTHOR_NUM], [AUTHOR_LAST], [AUTHOR_FIRST]) VALUES (9, N'Collins', N'Bradley')
GO
INSERT [dbo].[AUTHOR] ([AUTHOR_NUM], [AUTHOR_LAST], [AUTHOR_FIRST]) VALUES (10, N'Heller', N'Joseph')
GO
INSERT [dbo].[AUTHOR] ([AUTHOR_NUM], [AUTHOR_LAST], [AUTHOR_FIRST]) VALUES (11, N'Wills', N'Gary')
GO
INSERT [dbo].[AUTHOR] ([AUTHOR_NUM], [AUTHOR_LAST], [AUTHOR_FIRST]) VALUES (12, N'Hofstadter', N'Douglas R.')
GO
INSERT [dbo].[AUTHOR] ([AUTHOR_NUM], [AUTHOR_LAST], [AUTHOR_FIRST]) VALUES (13, N'Lee', N'Harper')
GO
INSERT [dbo].[AUTHOR] ([AUTHOR_NUM], [AUTHOR_LAST], [AUTHOR_FIRST]) VALUES (14, N'Ambrose', N'Stephen E.')
GO
INSERT [dbo].[AUTHOR] ([AUTHOR_NUM], [AUTHOR_LAST], [AUTHOR_FIRST]) VALUES (15, N'Rowling', N'J.K.')
GO
INSERT [dbo].[AUTHOR] ([AUTHOR_NUM], [AUTHOR_LAST], [AUTHOR_FIRST]) VALUES (16, N'Salinger', N'J.D.')
GO
INSERT [dbo].[AUTHOR] ([AUTHOR_NUM], [AUTHOR_LAST], [AUTHOR_FIRST]) VALUES (17, N'Heaney', N'Seamus')
GO
INSERT [dbo].[AUTHOR] ([AUTHOR_NUM], [AUTHOR_LAST], [AUTHOR_FIRST]) VALUES (18, N'Camus', N'Albert')
GO
INSERT [dbo].[AUTHOR] ([AUTHOR_NUM], [AUTHOR_LAST], [AUTHOR_FIRST]) VALUES (19, N'Collins', N' Jr.|Bradley')
GO
INSERT [dbo].[AUTHOR] ([AUTHOR_NUM], [AUTHOR_LAST], [AUTHOR_FIRST]) VALUES (20, N'Steinbeck', N'John')
GO
INSERT [dbo].[AUTHOR] ([AUTHOR_NUM], [AUTHOR_LAST], [AUTHOR_FIRST]) VALUES (21, N'Castelman', N'Riva')
GO
INSERT [dbo].[AUTHOR] ([AUTHOR_NUM], [AUTHOR_LAST], [AUTHOR_FIRST]) VALUES (22, N'Owen', N'Barbara')
GO
INSERT [dbo].[AUTHOR] ([AUTHOR_NUM], [AUTHOR_LAST], [AUTHOR_FIRST]) VALUES (23, N'O''Rourke', N'Randy')
GO
INSERT [dbo].[AUTHOR] ([AUTHOR_NUM], [AUTHOR_LAST], [AUTHOR_FIRST]) VALUES (24, N'Kidder', N'Tracy')
GO
INSERT [dbo].[AUTHOR] ([AUTHOR_NUM], [AUTHOR_LAST], [AUTHOR_FIRST]) VALUES (25, N'Schleining', N'Lon')
GO
INSERT [dbo].[BOOK] ([BOOK_CODE], [TITLE], [PUBLISHER_CODE], [TYPE], [PRICE], [PAPERBACK]) VALUES (N'0180', N'a deepness in the sky', N'TB', N'SFI', 7.1900, N'1')
GO
INSERT [dbo].[BOOK] ([BOOK_CODE], [TITLE], [PUBLISHER_CODE], [TYPE], [PRICE], [PAPERBACK]) VALUES (N'0189', N'magic terror', N'FA', N'HOR', 7.9900, N'1')
GO
INSERT [dbo].[BOOK] ([BOOK_CODE], [TITLE], [PUBLISHER_CODE], [TYPE], [PRICE], [PAPERBACK]) VALUES (N'0200', N'the stranger', N'VB', N'FIC', 8.0000, N'1')
GO
INSERT [dbo].[BOOK] ([BOOK_CODE], [TITLE], [PUBLISHER_CODE], [TYPE], [PRICE], [PAPERBACK]) VALUES (N'0378', N'venice', N'SS', N'ART', 24.5000, N'0')
GO
INSERT [dbo].[BOOK] ([BOOK_CODE], [TITLE], [PUBLISHER_CODE], [TYPE], [PRICE], [PAPERBACK]) VALUES (N'079X', N'second wind', N'PU', N'MYS', 24.9500, N'0')
GO
INSERT [dbo].[BOOK] ([BOOK_CODE], [TITLE], [PUBLISHER_CODE], [TYPE], [PRICE], [PAPERBACK]) VALUES (N'0808', N'the edge', N'JP', N'MYS', 6.9900, N'1')
GO
INSERT [dbo].[BOOK] ([BOOK_CODE], [TITLE], [PUBLISHER_CODE], [TYPE], [PRICE], [PAPERBACK]) VALUES (N'1351', N'dreamcatcher: a novel', N'SC', N'HOR', 19.6000, N'0')
GO
INSERT [dbo].[BOOK] ([BOOK_CODE], [TITLE], [PUBLISHER_CODE], [TYPE], [PRICE], [PAPERBACK]) VALUES (N'1382', N'treasure chests', N'TA', N'ART', 24.4600, N'0')
GO
INSERT [dbo].[BOOK] ([BOOK_CODE], [TITLE], [PUBLISHER_CODE], [TYPE], [PRICE], [PAPERBACK]) VALUES (N'138X', N'beloved', N'PL', N'FIC', 12.9500, N'1')
GO
INSERT [dbo].[BOOK] ([BOOK_CODE], [TITLE], [PUBLISHER_CODE], [TYPE], [PRICE], [PAPERBACK]) VALUES (N'2226', N'harry potter and the prisoner of azkaban', N'ST', N'SFI', 13.9600, N'0')
GO
INSERT [dbo].[BOOK] ([BOOK_CODE], [TITLE], [PUBLISHER_CODE], [TYPE], [PRICE], [PAPERBACK]) VALUES (N'2281', N'van gogh and gauguin', N'WP', N'ART', 21.0000, N'0')
GO
INSERT [dbo].[BOOK] ([BOOK_CODE], [TITLE], [PUBLISHER_CODE], [TYPE], [PRICE], [PAPERBACK]) VALUES (N'2766', N'of mice and men', N'PE', N'FIC', 6.9500, N'1')
GO
INSERT [dbo].[BOOK] ([BOOK_CODE], [TITLE], [PUBLISHER_CODE], [TYPE], [PRICE], [PAPERBACK]) VALUES (N'2908', N'electric light', N'FS', N'POE', 14.0000, N'0')
GO
INSERT [dbo].[BOOK] ([BOOK_CODE], [TITLE], [PUBLISHER_CODE], [TYPE], [PRICE], [PAPERBACK]) VALUES (N'3350', N'group: six people in search of a life', N'BP', N'PSY', 10.4000, N'1')
GO
INSERT [dbo].[BOOK] ([BOOK_CODE], [TITLE], [PUBLISHER_CODE], [TYPE], [PRICE], [PAPERBACK]) VALUES (N'3743', N'nine stories', N'LB', N'FIC', 5.9900, N'1')
GO
INSERT [dbo].[BOOK] ([BOOK_CODE], [TITLE], [PUBLISHER_CODE], [TYPE], [PRICE], [PAPERBACK]) VALUES (N'3906', N'the soul of a new machine', N'BY', N'SCI', 11.1600, N'1')
GO
INSERT [dbo].[BOOK] ([BOOK_CODE], [TITLE], [PUBLISHER_CODE], [TYPE], [PRICE], [PAPERBACK]) VALUES (N'5163', N'travels with charley', N'PE', N'TRA', 7.9500, N'1')
GO
INSERT [dbo].[BOOK] ([BOOK_CODE], [TITLE], [PUBLISHER_CODE], [TYPE], [PRICE], [PAPERBACK]) VALUES (N'5790', N'catch-22', N'SC', N'FIC', 12.0000, N'1')
GO
INSERT [dbo].[BOOK] ([BOOK_CODE], [TITLE], [PUBLISHER_CODE], [TYPE], [PRICE], [PAPERBACK]) VALUES (N'6128', N'jazz', N'PL', N'FIC', 12.9500, N'1')
GO
INSERT [dbo].[BOOK] ([BOOK_CODE], [TITLE], [PUBLISHER_CODE], [TYPE], [PRICE], [PAPERBACK]) VALUES (N'6328', N'band of brothers', N'TO', N'HIS', 9.6000, N'1')
GO
INSERT [dbo].[BOOK] ([BOOK_CODE], [TITLE], [PUBLISHER_CODE], [TYPE], [PRICE], [PAPERBACK]) VALUES (N'669X', N'a guide to sql', N'CT', N'CMP', 37.9500, N'1')
GO
INSERT [dbo].[BOOK] ([BOOK_CODE], [TITLE], [PUBLISHER_CODE], [TYPE], [PRICE], [PAPERBACK]) VALUES (N'6908', N'franny and zooey', N'LB', N'FIC', 5.9900, N'1')
GO
INSERT [dbo].[BOOK] ([BOOK_CODE], [TITLE], [PUBLISHER_CODE], [TYPE], [PRICE], [PAPERBACK]) VALUES (N'7405', N'east of eden', N'PE', N'FIC', 12.9500, N'1')
GO
INSERT [dbo].[BOOK] ([BOOK_CODE], [TITLE], [PUBLISHER_CODE], [TYPE], [PRICE], [PAPERBACK]) VALUES (N'7443', N'harry potter and the goblet of fire', N'ST', N'SFI', 18.1600, N'0')
GO
INSERT [dbo].[BOOK] ([BOOK_CODE], [TITLE], [PUBLISHER_CODE], [TYPE], [PRICE], [PAPERBACK]) VALUES (N'7559', N'the fall', N'VB', N'FIC', 8.0000, N'1')
GO
INSERT [dbo].[BOOK] ([BOOK_CODE], [TITLE], [PUBLISHER_CODE], [TYPE], [PRICE], [PAPERBACK]) VALUES (N'8092', N'godel, escher, bach', N'BA', N'PHI', 14.0000, N'1')
GO
INSERT [dbo].[BOOK] ([BOOK_CODE], [TITLE], [PUBLISHER_CODE], [TYPE], [PRICE], [PAPERBACK]) VALUES (N'8720', N'when rabbit howls', N'JP', N'PSY', 6.2900, N'1')
GO
INSERT [dbo].[BOOK] ([BOOK_CODE], [TITLE], [PUBLISHER_CODE], [TYPE], [PRICE], [PAPERBACK]) VALUES (N'9611', N'black house', N'RH', N'HOR', 18.8100, N'0')
GO
INSERT [dbo].[BOOK] ([BOOK_CODE], [TITLE], [PUBLISHER_CODE], [TYPE], [PRICE], [PAPERBACK]) VALUES (N'9627', N'song of solomon', N'PL', N'FIC', 14.0000, N'1')
GO
INSERT [dbo].[BOOK] ([BOOK_CODE], [TITLE], [PUBLISHER_CODE], [TYPE], [PRICE], [PAPERBACK]) VALUES (N'9701', N'the grapes of wrath', N'PE', N'FIC', 13.0000, N'1')
GO
INSERT [dbo].[BOOK] ([BOOK_CODE], [TITLE], [PUBLISHER_CODE], [TYPE], [PRICE], [PAPERBACK]) VALUES (N'9882', N'slay ride', N'JP', N'MYS', 6.9900, N'1')
GO
INSERT [dbo].[BOOK] ([BOOK_CODE], [TITLE], [PUBLISHER_CODE], [TYPE], [PRICE], [PAPERBACK]) VALUES (N'9883', N'the catcher in the rye', N'LB', N'FIC', 5.9900, N'1')
GO
INSERT [dbo].[BOOK] ([BOOK_CODE], [TITLE], [PUBLISHER_CODE], [TYPE], [PRICE], [PAPERBACK]) VALUES (N'9931', N'to kill a mockingbird', N'HC', N'FIC', 18.0000, N'0')
GO
INSERT [dbo].[BRANCH] ([BRANCH_NUM], [BRANCH_NAME], [BRANCH_LOCATION], [NUM_EMPLOYEES]) VALUES (1, N'Henry Downtown', N'16 Riverview', 10)
GO
INSERT [dbo].[BRANCH] ([BRANCH_NUM], [BRANCH_NAME], [BRANCH_LOCATION], [NUM_EMPLOYEES]) VALUES (2, N'Henry On The Hill', N'1289 Bedford', 6)
GO
INSERT [dbo].[BRANCH] ([BRANCH_NUM], [BRANCH_NAME], [BRANCH_LOCATION], [NUM_EMPLOYEES]) VALUES (3, N'Henry Brentwood', N'Brentwood Mall', 15)
GO
INSERT [dbo].[BRANCH] ([BRANCH_NUM], [BRANCH_NAME], [BRANCH_LOCATION], [NUM_EMPLOYEES]) VALUES (4, N'Henry Eastshore', N'Eastshore Mall', 9)
GO
INSERT [dbo].[INVENTORY] ([BOOK_CODE], [BRANCH_NUM], [ON_HAND]) VALUES (N'0180', 1, 2)
GO
INSERT [dbo].[INVENTORY] ([BOOK_CODE], [BRANCH_NUM], [ON_HAND]) VALUES (N'0200', 1, 1)
GO
INSERT [dbo].[INVENTORY] ([BOOK_CODE], [BRANCH_NUM], [ON_HAND]) VALUES (N'0200', 2, 3)
GO
INSERT [dbo].[INVENTORY] ([BOOK_CODE], [BRANCH_NUM], [ON_HAND]) VALUES (N'0378', 3, 2)
GO
INSERT [dbo].[INVENTORY] ([BOOK_CODE], [BRANCH_NUM], [ON_HAND]) VALUES (N'079X', 2, 1)
GO
INSERT [dbo].[INVENTORY] ([BOOK_CODE], [BRANCH_NUM], [ON_HAND]) VALUES (N'079X', 3, 2)
GO
INSERT [dbo].[INVENTORY] ([BOOK_CODE], [BRANCH_NUM], [ON_HAND]) VALUES (N'079X', 4, 3)
GO
INSERT [dbo].[INVENTORY] ([BOOK_CODE], [BRANCH_NUM], [ON_HAND]) VALUES (N'0808', 2, 1)
GO
INSERT [dbo].[INVENTORY] ([BOOK_CODE], [BRANCH_NUM], [ON_HAND]) VALUES (N'1351', 2, 4)
GO
INSERT [dbo].[INVENTORY] ([BOOK_CODE], [BRANCH_NUM], [ON_HAND]) VALUES (N'1351', 3, 2)
GO
INSERT [dbo].[INVENTORY] ([BOOK_CODE], [BRANCH_NUM], [ON_HAND]) VALUES (N'1382', 2, 1)
GO
INSERT [dbo].[INVENTORY] ([BOOK_CODE], [BRANCH_NUM], [ON_HAND]) VALUES (N'138X', 2, 3)
GO
INSERT [dbo].[INVENTORY] ([BOOK_CODE], [BRANCH_NUM], [ON_HAND]) VALUES (N'2226', 1, 3)
GO
INSERT [dbo].[INVENTORY] ([BOOK_CODE], [BRANCH_NUM], [ON_HAND]) VALUES (N'2226', 3, 2)
GO
INSERT [dbo].[INVENTORY] ([BOOK_CODE], [BRANCH_NUM], [ON_HAND]) VALUES (N'2226', 4, 1)
GO
INSERT [dbo].[INVENTORY] ([BOOK_CODE], [BRANCH_NUM], [ON_HAND]) VALUES (N'2281', 4, 3)
GO
INSERT [dbo].[INVENTORY] ([BOOK_CODE], [BRANCH_NUM], [ON_HAND]) VALUES (N'2766', 3, 2)
GO
INSERT [dbo].[INVENTORY] ([BOOK_CODE], [BRANCH_NUM], [ON_HAND]) VALUES (N'2908', 1, 3)
GO
INSERT [dbo].[INVENTORY] ([BOOK_CODE], [BRANCH_NUM], [ON_HAND]) VALUES (N'2908', 4, 1)
GO
INSERT [dbo].[INVENTORY] ([BOOK_CODE], [BRANCH_NUM], [ON_HAND]) VALUES (N'3350', 1, 2)
GO
INSERT [dbo].[INVENTORY] ([BOOK_CODE], [BRANCH_NUM], [ON_HAND]) VALUES (N'3743', 2, 1)
GO
INSERT [dbo].[INVENTORY] ([BOOK_CODE], [BRANCH_NUM], [ON_HAND]) VALUES (N'3906', 2, 1)
GO
INSERT [dbo].[INVENTORY] ([BOOK_CODE], [BRANCH_NUM], [ON_HAND]) VALUES (N'3906', 3, 2)
GO
INSERT [dbo].[INVENTORY] ([BOOK_CODE], [BRANCH_NUM], [ON_HAND]) VALUES (N'5163', 1, 1)
GO
INSERT [dbo].[INVENTORY] ([BOOK_CODE], [BRANCH_NUM], [ON_HAND]) VALUES (N'5790', 4, 2)
GO
INSERT [dbo].[INVENTORY] ([BOOK_CODE], [BRANCH_NUM], [ON_HAND]) VALUES (N'6128', 2, 4)
GO
INSERT [dbo].[INVENTORY] ([BOOK_CODE], [BRANCH_NUM], [ON_HAND]) VALUES (N'6128', 3, 3)
GO
INSERT [dbo].[INVENTORY] ([BOOK_CODE], [BRANCH_NUM], [ON_HAND]) VALUES (N'6328', 2, 2)
GO
INSERT [dbo].[INVENTORY] ([BOOK_CODE], [BRANCH_NUM], [ON_HAND]) VALUES (N'669X', 1, 1)
GO
INSERT [dbo].[INVENTORY] ([BOOK_CODE], [BRANCH_NUM], [ON_HAND]) VALUES (N'6908', 2, 2)
GO
INSERT [dbo].[INVENTORY] ([BOOK_CODE], [BRANCH_NUM], [ON_HAND]) VALUES (N'7405', 3, 2)
GO
INSERT [dbo].[INVENTORY] ([BOOK_CODE], [BRANCH_NUM], [ON_HAND]) VALUES (N'7443', 4, 1)
GO
INSERT [dbo].[INVENTORY] ([BOOK_CODE], [BRANCH_NUM], [ON_HAND]) VALUES (N'7559', 2, 2)
GO
INSERT [dbo].[INVENTORY] ([BOOK_CODE], [BRANCH_NUM], [ON_HAND]) VALUES (N'8092', 3, 1)
GO
INSERT [dbo].[INVENTORY] ([BOOK_CODE], [BRANCH_NUM], [ON_HAND]) VALUES (N'8720', 1, 3)
GO
INSERT [dbo].[INVENTORY] ([BOOK_CODE], [BRANCH_NUM], [ON_HAND]) VALUES (N'9611', 1, 2)
GO
INSERT [dbo].[INVENTORY] ([BOOK_CODE], [BRANCH_NUM], [ON_HAND]) VALUES (N'9627', 3, 5)
GO
INSERT [dbo].[INVENTORY] ([BOOK_CODE], [BRANCH_NUM], [ON_HAND]) VALUES (N'9627', 4, 2)
GO
INSERT [dbo].[INVENTORY] ([BOOK_CODE], [BRANCH_NUM], [ON_HAND]) VALUES (N'9701', 1, 2)
GO
INSERT [dbo].[INVENTORY] ([BOOK_CODE], [BRANCH_NUM], [ON_HAND]) VALUES (N'9701', 2, 1)
GO
INSERT [dbo].[INVENTORY] ([BOOK_CODE], [BRANCH_NUM], [ON_HAND]) VALUES (N'9701', 3, 3)
GO
INSERT [dbo].[INVENTORY] ([BOOK_CODE], [BRANCH_NUM], [ON_HAND]) VALUES (N'9701', 4, 2)
GO
INSERT [dbo].[INVENTORY] ([BOOK_CODE], [BRANCH_NUM], [ON_HAND]) VALUES (N'9882', 3, 3)
GO
INSERT [dbo].[INVENTORY] ([BOOK_CODE], [BRANCH_NUM], [ON_HAND]) VALUES (N'9883', 2, 3)
GO
INSERT [dbo].[INVENTORY] ([BOOK_CODE], [BRANCH_NUM], [ON_HAND]) VALUES (N'9883', 4, 2)
GO
INSERT [dbo].[INVENTORY] ([BOOK_CODE], [BRANCH_NUM], [ON_HAND]) VALUES (N'9931', 1, 2)
GO
INSERT [dbo].[PUBLISHER] ([PUBLISHER_CODE], [PUBLISHER_NAME], [CITY]) VALUES (N'AH', N'Arkham House', N'Sauk City WI')
GO
INSERT [dbo].[PUBLISHER] ([PUBLISHER_CODE], [PUBLISHER_NAME], [CITY]) VALUES (N'AP', N'Arcade Publishing', N'New York')
GO
INSERT [dbo].[PUBLISHER] ([PUBLISHER_CODE], [PUBLISHER_NAME], [CITY]) VALUES (N'BA', N'Basic Books', N'Boulder CO')
GO
INSERT [dbo].[PUBLISHER] ([PUBLISHER_CODE], [PUBLISHER_NAME], [CITY]) VALUES (N'BP', N'Berkley Publishing', N'Boston')
GO
INSERT [dbo].[PUBLISHER] ([PUBLISHER_CODE], [PUBLISHER_NAME], [CITY]) VALUES (N'BY', N'Back Bay Books', N'New York')
GO
INSERT [dbo].[PUBLISHER] ([PUBLISHER_CODE], [PUBLISHER_NAME], [CITY]) VALUES (N'CT', N'Course Technology', N'Boston')
GO
INSERT [dbo].[PUBLISHER] ([PUBLISHER_CODE], [PUBLISHER_NAME], [CITY]) VALUES (N'FA', N'Fawcett Books', N'New York')
GO
INSERT [dbo].[PUBLISHER] ([PUBLISHER_CODE], [PUBLISHER_NAME], [CITY]) VALUES (N'FS', N'Farrar Straus & Giroux', N'New York')
GO
INSERT [dbo].[PUBLISHER] ([PUBLISHER_CODE], [PUBLISHER_NAME], [CITY]) VALUES (N'HC', N'HarperCollins Publishers', N'New York')
GO
INSERT [dbo].[PUBLISHER] ([PUBLISHER_CODE], [PUBLISHER_NAME], [CITY]) VALUES (N'JP', N'Jove Publications', N'New York')
GO
INSERT [dbo].[PUBLISHER] ([PUBLISHER_CODE], [PUBLISHER_NAME], [CITY]) VALUES (N'JT', N'Jeremy P. Tarcher', N'Los Angeles')
GO
INSERT [dbo].[PUBLISHER] ([PUBLISHER_CODE], [PUBLISHER_NAME], [CITY]) VALUES (N'LB', N'Lb Books', N'New York')
GO
INSERT [dbo].[PUBLISHER] ([PUBLISHER_CODE], [PUBLISHER_NAME], [CITY]) VALUES (N'MP', N'McPherson and Co.', N'Kingston')
GO
INSERT [dbo].[PUBLISHER] ([PUBLISHER_CODE], [PUBLISHER_NAME], [CITY]) VALUES (N'PE', N'Penguin USA', N'New York')
GO
INSERT [dbo].[PUBLISHER] ([PUBLISHER_CODE], [PUBLISHER_NAME], [CITY]) VALUES (N'PL', N'Plume', N'New York')
GO
INSERT [dbo].[PUBLISHER] ([PUBLISHER_CODE], [PUBLISHER_NAME], [CITY]) VALUES (N'PU', N'Putnam Publishing Group', N'New York')
GO
INSERT [dbo].[PUBLISHER] ([PUBLISHER_CODE], [PUBLISHER_NAME], [CITY]) VALUES (N'RH', N'Random House', N'New York')
GO
INSERT [dbo].[PUBLISHER] ([PUBLISHER_CODE], [PUBLISHER_NAME], [CITY]) VALUES (N'SB', N'Schoken Books', N'New York')
GO
INSERT [dbo].[PUBLISHER] ([PUBLISHER_CODE], [PUBLISHER_NAME], [CITY]) VALUES (N'SC', N'Scribner', N'New York')
GO
INSERT [dbo].[PUBLISHER] ([PUBLISHER_CODE], [PUBLISHER_NAME], [CITY]) VALUES (N'SS', N'Simon & Schuster', N'New York')
GO
INSERT [dbo].[PUBLISHER] ([PUBLISHER_CODE], [PUBLISHER_NAME], [CITY]) VALUES (N'ST', N'Scholastic Trade', N'New York')
GO
INSERT [dbo].[PUBLISHER] ([PUBLISHER_CODE], [PUBLISHER_NAME], [CITY]) VALUES (N'TA', N'Taunton Press', N'Newtown CT')
GO
INSERT [dbo].[PUBLISHER] ([PUBLISHER_CODE], [PUBLISHER_NAME], [CITY]) VALUES (N'TB', N'Tor Books', N'New York')
GO
INSERT [dbo].[PUBLISHER] ([PUBLISHER_CODE], [PUBLISHER_NAME], [CITY]) VALUES (N'TH', N'Thames and Hudson', N'New York')
GO
INSERT [dbo].[PUBLISHER] ([PUBLISHER_CODE], [PUBLISHER_NAME], [CITY]) VALUES (N'TO', N'Touchstone Books', N'Westport CT')
GO
INSERT [dbo].[PUBLISHER] ([PUBLISHER_CODE], [PUBLISHER_NAME], [CITY]) VALUES (N'VB', N'Vintage Books', N'New York')
GO
INSERT [dbo].[PUBLISHER] ([PUBLISHER_CODE], [PUBLISHER_NAME], [CITY]) VALUES (N'WN', N'W.W. Norton', N'New York')
GO
INSERT [dbo].[PUBLISHER] ([PUBLISHER_CODE], [PUBLISHER_NAME], [CITY]) VALUES (N'WP', N'Westview Press', N'Boulder CO')
GO
INSERT [dbo].[WROTE] ([BOOK_CODE], [AUTHOR_NUM], [SEQUENCE]) VALUES (N'0180', 3, 1)
GO
INSERT [dbo].[WROTE] ([BOOK_CODE], [AUTHOR_NUM], [SEQUENCE]) VALUES (N'0189', 5, 1)
GO
INSERT [dbo].[WROTE] ([BOOK_CODE], [AUTHOR_NUM], [SEQUENCE]) VALUES (N'0200', 18, 1)
GO
INSERT [dbo].[WROTE] ([BOOK_CODE], [AUTHOR_NUM], [SEQUENCE]) VALUES (N'0378', 11, 1)
GO
INSERT [dbo].[WROTE] ([BOOK_CODE], [AUTHOR_NUM], [SEQUENCE]) VALUES (N'079X', 4, 1)
GO
INSERT [dbo].[WROTE] ([BOOK_CODE], [AUTHOR_NUM], [SEQUENCE]) VALUES (N'0808', 4, 1)
GO
INSERT [dbo].[WROTE] ([BOOK_CODE], [AUTHOR_NUM], [SEQUENCE]) VALUES (N'1351', 6, 1)
GO
INSERT [dbo].[WROTE] ([BOOK_CODE], [AUTHOR_NUM], [SEQUENCE]) VALUES (N'1382', 23, 2)
GO
INSERT [dbo].[WROTE] ([BOOK_CODE], [AUTHOR_NUM], [SEQUENCE]) VALUES (N'1382', 25, 1)
GO
INSERT [dbo].[WROTE] ([BOOK_CODE], [AUTHOR_NUM], [SEQUENCE]) VALUES (N'138X', 1, 1)
GO
INSERT [dbo].[WROTE] ([BOOK_CODE], [AUTHOR_NUM], [SEQUENCE]) VALUES (N'2226', 15, 1)
GO
INSERT [dbo].[WROTE] ([BOOK_CODE], [AUTHOR_NUM], [SEQUENCE]) VALUES (N'2281', 9, 2)
GO
INSERT [dbo].[WROTE] ([BOOK_CODE], [AUTHOR_NUM], [SEQUENCE]) VALUES (N'2281', 19, 1)
GO
INSERT [dbo].[WROTE] ([BOOK_CODE], [AUTHOR_NUM], [SEQUENCE]) VALUES (N'2766', 20, 1)
GO
INSERT [dbo].[WROTE] ([BOOK_CODE], [AUTHOR_NUM], [SEQUENCE]) VALUES (N'2908', 17, 1)
GO
INSERT [dbo].[WROTE] ([BOOK_CODE], [AUTHOR_NUM], [SEQUENCE]) VALUES (N'3350', 2, 1)
GO
INSERT [dbo].[WROTE] ([BOOK_CODE], [AUTHOR_NUM], [SEQUENCE]) VALUES (N'3743', 16, 1)
GO
INSERT [dbo].[WROTE] ([BOOK_CODE], [AUTHOR_NUM], [SEQUENCE]) VALUES (N'3906', 24, 1)
GO
INSERT [dbo].[WROTE] ([BOOK_CODE], [AUTHOR_NUM], [SEQUENCE]) VALUES (N'5163', 20, 1)
GO
INSERT [dbo].[WROTE] ([BOOK_CODE], [AUTHOR_NUM], [SEQUENCE]) VALUES (N'5790', 10, 1)
GO
INSERT [dbo].[WROTE] ([BOOK_CODE], [AUTHOR_NUM], [SEQUENCE]) VALUES (N'6128', 1, 1)
GO
INSERT [dbo].[WROTE] ([BOOK_CODE], [AUTHOR_NUM], [SEQUENCE]) VALUES (N'6328', 14, 1)
GO
INSERT [dbo].[WROTE] ([BOOK_CODE], [AUTHOR_NUM], [SEQUENCE]) VALUES (N'669X', 7, 1)
GO
INSERT [dbo].[WROTE] ([BOOK_CODE], [AUTHOR_NUM], [SEQUENCE]) VALUES (N'6908', 16, 1)
GO
INSERT [dbo].[WROTE] ([BOOK_CODE], [AUTHOR_NUM], [SEQUENCE]) VALUES (N'7405', 20, 1)
GO
INSERT [dbo].[WROTE] ([BOOK_CODE], [AUTHOR_NUM], [SEQUENCE]) VALUES (N'7443', 15, 1)
GO
INSERT [dbo].[WROTE] ([BOOK_CODE], [AUTHOR_NUM], [SEQUENCE]) VALUES (N'7559', 18, 1)
GO
INSERT [dbo].[WROTE] ([BOOK_CODE], [AUTHOR_NUM], [SEQUENCE]) VALUES (N'8092', 12, 1)
GO
INSERT [dbo].[WROTE] ([BOOK_CODE], [AUTHOR_NUM], [SEQUENCE]) VALUES (N'8720', 8, 1)
GO
INSERT [dbo].[WROTE] ([BOOK_CODE], [AUTHOR_NUM], [SEQUENCE]) VALUES (N'9611', 5, 2)
GO
INSERT [dbo].[WROTE] ([BOOK_CODE], [AUTHOR_NUM], [SEQUENCE]) VALUES (N'9611', 6, 1)
GO
INSERT [dbo].[WROTE] ([BOOK_CODE], [AUTHOR_NUM], [SEQUENCE]) VALUES (N'9627', 1, 1)
GO
INSERT [dbo].[WROTE] ([BOOK_CODE], [AUTHOR_NUM], [SEQUENCE]) VALUES (N'9701', 20, 1)
GO
INSERT [dbo].[WROTE] ([BOOK_CODE], [AUTHOR_NUM], [SEQUENCE]) VALUES (N'9882', 4, 1)
GO
INSERT [dbo].[WROTE] ([BOOK_CODE], [AUTHOR_NUM], [SEQUENCE]) VALUES (N'9883', 16, 1)
GO
INSERT [dbo].[WROTE] ([BOOK_CODE], [AUTHOR_NUM], [SEQUENCE]) VALUES (N'9931', 13, 1)
GO
ALTER TABLE [dbo].[BOOK]  WITH NOCHECK ADD FOREIGN KEY([PUBLISHER_CODE])
REFERENCES [dbo].[PUBLISHER] ([PUBLISHER_CODE])
GO
ALTER TABLE [dbo].[BOOK]  WITH NOCHECK ADD FOREIGN KEY([PUBLISHER_CODE])
REFERENCES [dbo].[PUBLISHER] ([PUBLISHER_CODE])
GO
ALTER TABLE [dbo].[BOOK]  WITH NOCHECK ADD FOREIGN KEY([PUBLISHER_CODE])
REFERENCES [dbo].[PUBLISHER] ([PUBLISHER_CODE])
GO
ALTER TABLE [dbo].[INVENTORY]  WITH NOCHECK ADD FOREIGN KEY([BOOK_CODE])
REFERENCES [dbo].[BOOK] ([BOOK_CODE])
GO
ALTER TABLE [dbo].[INVENTORY]  WITH NOCHECK ADD FOREIGN KEY([BOOK_CODE])
REFERENCES [dbo].[BOOK] ([BOOK_CODE])
GO
ALTER TABLE [dbo].[INVENTORY]  WITH NOCHECK ADD FOREIGN KEY([BOOK_CODE])
REFERENCES [dbo].[BOOK] ([BOOK_CODE])
GO
ALTER TABLE [dbo].[INVENTORY]  WITH NOCHECK ADD FOREIGN KEY([BRANCH_NUM])
REFERENCES [dbo].[BRANCH] ([BRANCH_NUM])
GO
ALTER TABLE [dbo].[INVENTORY]  WITH NOCHECK ADD FOREIGN KEY([BRANCH_NUM])
REFERENCES [dbo].[BRANCH] ([BRANCH_NUM])
GO
ALTER TABLE [dbo].[INVENTORY]  WITH NOCHECK ADD FOREIGN KEY([BRANCH_NUM])
REFERENCES [dbo].[BRANCH] ([BRANCH_NUM])
GO
ALTER TABLE [dbo].[WROTE]  WITH NOCHECK ADD FOREIGN KEY([AUTHOR_NUM])
REFERENCES [dbo].[AUTHOR] ([AUTHOR_NUM])
GO
ALTER TABLE [dbo].[WROTE]  WITH NOCHECK ADD FOREIGN KEY([AUTHOR_NUM])
REFERENCES [dbo].[AUTHOR] ([AUTHOR_NUM])
GO
ALTER TABLE [dbo].[WROTE]  WITH NOCHECK ADD FOREIGN KEY([AUTHOR_NUM])
REFERENCES [dbo].[AUTHOR] ([AUTHOR_NUM])
GO
ALTER TABLE [dbo].[WROTE]  WITH NOCHECK ADD FOREIGN KEY([BOOK_CODE])
REFERENCES [dbo].[BOOK] ([BOOK_CODE])
GO
ALTER TABLE [dbo].[WROTE]  WITH NOCHECK ADD FOREIGN KEY([BOOK_CODE])
REFERENCES [dbo].[BOOK] ([BOOK_CODE])
GO
ALTER TABLE [dbo].[WROTE]  WITH NOCHECK ADD FOREIGN KEY([BOOK_CODE])
REFERENCES [dbo].[BOOK] ([BOOK_CODE])
GO
